timestamp,cpu_percent,rss_mb
2026-06-06T20:47:04.214538Z,94.90065751725201,43.453125
2026-06-06T20:47:04.414991Z,64.88050049881392,49.625
2026-06-06T20:47:04.615294Z,0.0,50.14453125
2026-06-06T20:47:04.815599Z,119.82153959643725,54.55859375
2026-06-06T20:47:05.016003Z,19.962163017508114,54.6171875
2026-06-06T20:47:05.216339Z,184.66895320113346,58.1875
2026-06-06T20:47:05.416673Z,4.991613913911652,54.484375
2026-06-06T20:47:05.617061Z,139.73846618550505,54.39453125
2026-06-06T20:47:05.817380Z,0.0,54.39453125
2026-06-06T20:47:06.017759Z,149.73221292065838,54.35546875
2026-06-06T20:47:06.218101Z,39.92875990522657,56.18359375
2026-06-06T20:47:06.418491Z,129.75457117520784,54.41015625
2026-06-06T20:47:06.618790Z,89.85305835168096,59.91796875
2026-06-06T20:47:06.819213Z,84.83847560185316,54.5625
2026-06-06T20:47:07.019513Z,129.7821431523999,57.70703125
2026-06-06T20:47:07.219917Z,34.935664750659676,54.6171875
2026-06-06T20:47:07.420311Z,134.72241792995862,54.625
2026-06-06T20:47:07.620602Z,9.984289321361022,56.74609375
2026-06-06T20:47:07.820954Z,154.7452398173525,54.70703125
2026-06-06T20:47:08.021243Z,49.92271240240702,55.39453125
2026-06-06T20:47:08.221572Z,89.85606944621571,54.625
2026-06-06T20:47:08.421860Z,109.83571981248824,56.1484375
2026-06-06T20:47:08.622209Z,49.91904478741125,54.609375
2026-06-06T20:47:08.822521Z,184.70339405439972,61.55859375
2026-06-06T20:47:09.022915Z,14.972363338015748,54.72265625
2026-06-06T20:47:09.223290Z,174.65874301494912,54.7421875
2026-06-06T20:47:09.423617Z,0.0,54.7421875
2026-06-06T20:47:09.624018Z,159.69840556831122,54.828125
2026-06-06T20:47:09.824303Z,49.918660288600634,55.68359375
2026-06-06T20:47:10.024640Z,124.7977184981056,54.82421875
2026-06-06T20:47:10.224989Z,94.84044138967708,56.20703125
2026-06-06T20:47:10.425334Z,69.87470766174036,54.74609375
2026-06-06T20:47:10.625671Z,134.78520293083403,57.83984375
2026-06-06T20:47:10.826062Z,14.971172334013117,54.9921875
2026-06-06T20:47:11.026416Z,149.7223899845449,54.94921875
2026-06-06T20:47:11.226699Z,0.0,54.94921875
2026-06-06T20:47:11.427107Z,164.6942591076494,54.88671875
2026-06-06T20:47:11.627419Z,54.90908181670917,56.34765625
2026-06-06T20:47:11.827797Z,134.7555487183881,54.88671875
2026-06-06T20:47:12.028147Z,0.0,54.88671875
2026-06-06T20:47:12.228485Z,0.0,54.88671875
2026-06-06T20:47:12.428803Z,4.991942929237175,55.11328125
2026-06-06T20:47:12.629167Z,144.75110626275904,67.42578125
2026-06-06T20:47:12.829516Z,54.90300861949139,66.83203125
2026-06-06T20:47:13.029877Z,54.90391430671032,66.83203125
2026-06-06T20:47:13.230234Z,54.89523710603446,66.83203125
2026-06-06T20:47:13.430547Z,54.91253942556099,66.84375
2026-06-06T20:47:13.631017Z,4.9899519333915645,66.84375
2026-06-06T20:47:13.831317Z,0.0,66.84375
2026-06-06T20:47:14.031662Z,0.0,66.84375
2026-06-06T20:47:14.232041Z,139.7582210729396,67.24609375
2026-06-06T20:47:14.432355Z,59.89329231347362,67.75
2026-06-06T20:47:14.632670Z,54.91313565633193,67.29296875
2026-06-06T20:47:14.832997Z,54.91109481939208,67.16796875
2026-06-06T20:47:15.033277Z,54.9188955003038,67.16796875
2026-06-06T20:47:15.233620Z,24.958558684374875,67.16796875
2026-06-06T20:47:15.433960Z,0.0,67.16796875
2026-06-06T20:47:15.634295Z,0.0,67.16796875
2026-06-06T20:47:15.834630Z,54.90860133861227,84.421875
2026-06-06T20:47:16.034970Z,124.79313727975241,68.83203125
2026-06-06T20:47:16.235285Z,54.90916459260974,68.83203125
2026-06-06T20:47:16.435580Z,49.92458267723459,69.21484375
2026-06-06T20:47:16.635916Z,49.9210822572394,68.9140625
2026-06-06T20:47:16.836331Z,44.90931372465856,68.9140625
2026-06-06T20:47:17.036672Z,0.0,68.9140625
2026-06-06T20:47:17.237027Z,0.0,68.9140625
2026-06-06T20:47:17.437394Z,0.0,68.9140625
2026-06-06T20:47:17.637707Z,234.60462083299896,69.8984375
2026-06-06T20:47:17.838082Z,54.90409846224256,69.734375
2026-06-06T20:47:18.038444Z,54.90020816608012,69.734375
2026-06-06T20:47:18.238810Z,54.898349940685584,69.734375
2026-06-06T20:47:18.439167Z,59.89210347726477,69.65234375
2026-06-06T20:47:18.639538Z,14.972556427029252,69.65234375
2026-06-06T20:47:18.839913Z,0.0,69.65234375
2026-06-06T20:47:19.040249Z,0.0,69.65234375
2026-06-06T20:47:19.240574Z,114.81480257547723,79.33203125
2026-06-06T20:47:19.440886Z,64.8974684893403,69.7578125
2026-06-06T20:47:19.641204Z,49.921129607411494,69.7578125
2026-06-06T20:47:19.841516Z,49.92179376589864,69.7578125
2026-06-06T20:47:20.041829Z,54.91435502280263,69.7578125
2026-06-06T20:47:20.242147Z,59.90506784008767,69.7578125
2026-06-06T20:47:20.442537Z,0.0,69.7578125
2026-06-06T20:47:20.642864Z,0.0,69.7578125
2026-06-06T20:47:20.843198Z,0.0,69.7578125
2026-06-06T20:47:21.043491Z,129.80188338579842,80.50390625
2026-06-06T20:47:21.243812Z,54.914777756207634,69.73046875
2026-06-06T20:47:21.444209Z,54.900090071174255,70.15625
2026-06-06T20:47:21.644545Z,54.900823309776925,69.73046875
2026-06-06T20:47:21.844850Z,49.91887259707406,69.73046875
2026-06-06T20:47:22.045186Z,54.91710427849381,69.73046875
2026-06-06T20:47:22.245522Z,0.0,69.73046875
2026-06-06T20:47:22.445846Z,0.0,69.73046875
2026-06-06T20:47:22.646159Z,0.0,69.73046875
2026-06-06T20:47:22.846445Z,134.79383215952728,69.6953125
2026-06-06T20:47:23.046762Z,54.91775270239291,69.65234375
2026-06-06T20:47:23.247087Z,44.92707280290168,69.65234375
2026-06-06T20:47:23.447404Z,49.920475683793505,69.65234375
2026-06-06T20:47:23.647721Z,54.91329191213359,69.65234375
2026-06-06T20:47:23.848139Z,29.942163567109464,69.65234375
2026-06-06T20:47:24.048477Z,0.0,69.65234375
2026-06-06T20:47:24.248807Z,0.0,69.65234375
2026-06-06T20:47:24.449240Z,29.941286335218987,83.63671875
2026-06-06T20:47:24.649533Z,139.7580180761298,69.5546875
2026-06-06T20:47:24.849822Z,49.928975782262604,69.5546875
2026-06-06T20:47:25.050119Z,54.91923604597952,69.5546875
2026-06-06T20:47:25.250427Z,54.916305079812346,69.5546875
2026-06-06T20:47:25.450731Z,54.91513470000837,69.5546875
2026-06-06T20:47:25.651093Z,0.0,69.5546875
2026-06-06T20:47:25.851456Z,0.0,69.5546875
2026-06-06T20:47:26.051798Z,0.0,69.5546875
2026-06-06T20:47:26.252135Z,134.77942538366193,79.6953125
2026-06-06T20:47:26.452472Z,64.8895693088255,69.43359375
2026-06-06T20:47:26.652756Z,54.915750177999655,69.390625
2026-06-06T20:47:26.853089Z,49.92113708369109,69.390625
2026-06-06T20:47:27.053435Z,54.909087298732416,69.390625
2026-06-06T20:47:27.253810Z,34.93326122702507,69.390625
2026-06-06T20:47:27.454143Z,0.0,69.390625
2026-06-06T20:47:27.654474Z,0.0,69.390625
2026-06-06T20:47:27.854790Z,0.0,69.390625
2026-06-06T20:47:28.055112Z,174.720405418946,69.41015625
2026-06-06T20:47:28.255438Z,54.911292728380936,69.41015625
2026-06-06T20:47:28.455726Z,49.92492987994679,69.41015625
2026-06-06T20:47:28.656114Z,49.913765235760614,69.41015625
2026-06-06T20:47:28.856479Z,49.90871870031569,69.41015625
2026-06-06T20:47:29.056808Z,24.953957577594604,69.41015625
2026-06-06T20:47:29.257159Z,0.0,69.41015625
2026-06-06T20:47:29.457463Z,0.0,69.41015625
2026-06-06T20:47:29.657794Z,64.89987053278614,90.33203125
2026-06-06T20:47:29.858153Z,214.6269365320239,70.4140625
2026-06-06T20:47:30.058509Z,54.90195690879215,70.15234375
2026-06-06T20:47:30.258861Z,54.903387332847366,69.9375
2026-06-06T20:47:30.459179Z,54.91400329812927,69.9375
2026-06-06T20:47:30.659588Z,49.89597462680689,69.9375
2026-06-06T20:47:30.859964Z,0.0,69.9375
2026-06-06T20:47:31.060298Z,0.0,69.9375
2026-06-06T20:47:31.260633Z,0.0,69.9375
2026-06-06T20:47:31.461018Z,154.72316312772944,69.9375
2026-06-06T20:47:31.661318Z,54.91004033186893,69.9375
2026-06-06T20:47:31.861622Z,49.92316949015926,70.6328125
2026-06-06T20:47:32.061951Z,49.922065914106625,69.9375
2026-06-06T20:47:32.262307Z,49.910959845841504,69.9375
2026-06-06T20:47:32.462695Z,34.93259040552595,69.9375
2026-06-06T20:47:32.663010Z,0.0,69.9375
2026-06-06T20:47:32.863409Z,0.0,69.9375
2026-06-06T20:47:33.063805Z,0.0,69.9375
2026-06-06T20:47:33.264170Z,194.65364886958798,83.5625
2026-06-06T20:47:33.464513Z,79.8608660000571,69.87890625
2026-06-06T20:47:33.664860Z,54.905998185722936,69.87890625
2026-06-06T20:47:33.865220Z,54.9020832325418,70.265625
2026-06-06T20:47:34.065556Z,54.90460626642143,69.87890625
2026-06-06T20:47:34.265941Z,29.94510538142194,69.87890625
2026-06-06T20:47:34.466287Z,0.0,69.87890625
2026-06-06T20:47:34.666616Z,0.0,69.87890625
2026-06-06T20:47:34.866948Z,0.0,69.87890625
2026-06-06T20:47:35.067266Z,154.7444889947392,70.02734375
2026-06-06T20:47:35.267579Z,54.914503061009356,70.02734375
2026-06-06T20:47:35.467917Z,44.92999883714674,70.02734375
2026-06-06T20:47:35.668283Z,54.895201218172396,70.02734375
2026-06-06T20:47:35.868586Z,54.91388541787904,70.80078125
2026-06-06T20:47:36.068992Z,14.972057872962264,70.02734375
2026-06-06T20:47:36.269322Z,0.0,70.02734375
2026-06-06T20:47:36.469636Z,0.0,70.02734375
2026-06-06T20:47:36.669959Z,134.78671350464742,93.921875
2026-06-06T20:47:36.870314Z,104.82613537204632,70.02734375
2026-06-06T20:47:37.070601Z,54.9114328009488,70.02734375
2026-06-06T20:47:37.270923Z,54.91659350146853,70.26171875
2026-06-06T20:47:37.471239Z,49.91866278044705,70.02734375
2026-06-06T20:47:37.671617Z,34.93670935608525,70.02734375
2026-06-06T20:47:37.872001Z,0.0,70.02734375
2026-06-06T20:47:38.072343Z,0.0,70.02734375
2026-06-06T20:47:38.272675Z,0.0,70.02734375
2026-06-06T20:47:38.473031Z,184.67901955314127,70.22265625
2026-06-06T20:47:38.673375Z,59.89442768606966,70.22265625
2026-06-06T20:47:38.873755Z,54.90118555214061,70.46875
2026-06-06T20:47:39.074060Z,54.90608341897971,70.22265625
2026-06-06T20:47:39.274348Z,49.92681303360732,70.22265625
2026-06-06T20:47:39.474689Z,14.975612365043037,70.22265625
2026-06-06T20:47:39.675040Z,0.0,70.22265625
2026-06-06T20:47:39.875387Z,0.0,70.22265625
2026-06-06T20:47:40.075732Z,129.78098161531207,89.86328125
2026-06-06T20:47:40.276034Z,89.85459056249337,70.2265625
2026-06-06T20:47:40.476382Z,44.92796071069606,70.2265625
2026-06-06T20:47:40.676744Z,59.89438553459138,70.2265625
2026-06-06T20:47:40.877044Z,49.91776921098099,70.2265625
2026-06-06T20:47:41.077403Z,54.90261867624287,70.2265625
2026-06-06T20:47:41.277775Z,0.0,70.2265625
2026-06-06T20:47:41.478139Z,0.0,70.2265625
2026-06-06T20:47:41.678470Z,0.0,70.2265625
2026-06-06T20:47:41.878800Z,134.78263469698095,70.48828125
2026-06-06T20:47:42.079120Z,54.9091999505516,70.29296875
2026-06-06T20:47:42.279497Z,54.902893252805995,70.29296875
2026-06-06T20:47:42.479814Z,54.906671013183825,70.29296875
2026-06-06T20:47:42.680150Z,49.91815120426901,70.734375
2026-06-06T20:47:42.880477Z,44.92178196862086,70.29296875
2026-06-06T20:47:43.080831Z,0.0,70.29296875
2026-06-06T20:47:43.281161Z,0.0,70.29296875
2026-06-06T20:47:43.481460Z,0.0,70.29296875
2026-06-06T20:47:43.681770Z,149.77456456755286,70.75
2026-06-06T20:47:43.882072Z,49.92513501341057,70.70703125
2026-06-06T20:47:44.082382Z,59.90678444427887,71.234375
2026-06-06T20:47:44.282685Z,54.917071378012004,70.70703125
2026-06-06T20:47:44.482977Z,54.91698912685528,70.70703125
2026-06-06T20:47:44.683350Z,24.956483255340533,70.7890625
2026-06-06T20:47:44.883681Z,0.0,70.7890625
2026-06-06T20:47:45.084025Z,0.0,70.7890625
2026-06-06T20:47:45.284371Z,64.8895333562577,81.796875
2026-06-06T20:47:45.484660Z,114.82376676041805,70.80078125
2026-06-06T20:47:45.685032Z,54.90286831599632,70.80078125
2026-06-06T20:47:45.885353Z,59.90302150107966,70.80078125
2026-06-06T20:47:46.085704Z,49.9143594376295,70.80078125
2026-06-06T20:47:46.286126Z,54.888441986278345,70.8828125
2026-06-06T20:47:46.486433Z,0.0,70.8828125
2026-06-06T20:47:46.686782Z,0.0,70.8828125
2026-06-06T20:47:46.887118Z,0.0,70.8828125
2026-06-06T20:47:47.087485Z,0.0,70.8828125
2026-06-06T20:47:47.287834Z,0.0,70.8828125
2026-06-06T20:47:47.488158Z,0.0,70.8828125
2026-06-06T20:47:47.688495Z,0.0,70.8828125
2026-06-06T20:47:47.888823Z,284.5407625915234,96.0703125
2026-06-06T20:47:48.089146Z,54.90820583406817,73.65234375
2026-06-06T20:47:48.289473Z,19.96742324879143,73.5703125
2026-06-06T20:47:48.489787Z,24.960554835225096,73.5703125
2026-06-06T20:47:48.690076Z,29.95502088856187,73.5703125
2026-06-06T20:47:48.890388Z,19.97017683752246,73.5703125
2026-06-06T20:47:49.090687Z,24.96245621621017,73.5703125
2026-06-06T20:47:49.291079Z,24.95626352418711,73.5703125
2026-06-06T20:47:49.491402Z,24.95534141841728,73.5703125
2026-06-06T20:47:49.691756Z,19.96615507102712,73.5703125
2026-06-06T20:47:49.892060Z,19.966606350056757,73.5703125
2026-06-06T20:47:50.092421Z,29.95056419770772,73.5703125
2026-06-06T20:47:50.292748Z,24.957218336290108,73.65625
2026-06-06T20:47:50.493115Z,19.964562601967124,73.5703125
2026-06-06T20:47:50.693428Z,29.949569566974542,73.5703125
2026-06-06T20:47:50.893764Z,14.975218409609385,73.5703125
2026-06-06T20:47:51.094106Z,0.0,73.5703125
2026-06-06T20:47:51.294436Z,0.0,73.5703125
2026-06-06T20:47:51.494777Z,0.0,73.5703125
2026-06-06T20:47:51.695116Z,4.991570709582076,73.5703125
2026-06-06T20:47:51.895458Z,0.0,73.5703125
2026-06-06T20:47:52.095798Z,0.0,73.5703125
2026-06-06T20:47:52.296111Z,19.967838601067793,79.7421875
2026-06-06T20:47:52.496459Z,334.4394193344788,74.01171875
2026-06-06T20:47:52.696777Z,19.966771199526868,74.01171875
2026-06-06T20:47:52.897103Z,19.967066719487335,74.01171875
2026-06-06T20:47:53.097408Z,19.969949020988185,74.01171875
2026-06-06T20:47:53.297725Z,24.961102863811725,74.40234375
2026-06-06T20:47:53.498087Z,24.95752404112369,74.01171875
2026-06-06T20:47:53.698430Z,24.955992851772013,74.01171875
2026-06-06T20:47:53.898765Z,24.9576938387839,74.01171875
2026-06-06T20:47:54.099105Z,24.957278131304523,74.01171875
2026-06-06T20:47:54.299406Z,24.96069962801583,74.01171875
2026-06-06T20:47:54.499721Z,19.96983217366168,74.01171875
2026-06-06T20:47:54.700059Z,19.966571466904224,74.01171875
2026-06-06T20:47:54.900359Z,29.952817124286064,74.01171875
2026-06-06T20:47:55.100652Z,19.970906981835984,74.01171875
2026-06-06T20:47:55.300991Z,24.959763363886882,74.0
2026-06-06T20:47:55.501444Z,19.960428351003323,74.0
2026-06-06T20:47:55.701780Z,0.0,74.0
2026-06-06T20:47:55.902130Z,0.0,74.0
2026-06-06T20:47:56.102461Z,0.0,74.0
2026-06-06T20:47:56.302806Z,0.0,74.0
2026-06-06T20:47:56.503147Z,0.0,74.0
2026-06-06T20:47:56.703487Z,0.0,74.0
2026-06-06T20:47:56.903855Z,9.981828580150234,74.0
2026-06-06T20:47:57.104148Z,329.5004180563915,74.3125
2026-06-06T20:47:57.304467Z,14.975806285442065,74.39453125
2026-06-06T20:47:57.504802Z,24.959204180689483,74.39453125
2026-06-06T20:47:57.705149Z,24.956916251593288,74.39453125
2026-06-06T20:47:57.905452Z,19.968065372563878,74.39453125
2026-06-06T20:47:58.105783Z,24.960322572027273,74.3125
2026-06-06T20:47:58.306115Z,24.95821084535787,74.3125
2026-06-06T20:47:58.506406Z,19.969787209694,74.3125
2026-06-06T20:47:58.706751Z,24.960529914001636,74.3125
2026-06-06T20:47:58.907098Z,29.94599031018838,74.3125
2026-06-06T20:47:59.107399Z,24.960784485945048,74.3125
2026-06-06T20:47:59.307724Z,19.968731562282883,74.3125
2026-06-06T20:47:59.508060Z,19.966616316681208,74.3125
2026-06-06T20:47:59.708374Z,34.945393803564535,74.3125
2026-06-06T20:47:59.908704Z,24.958653619230706,74.31640625
2026-06-06T20:48:00.109108Z,9.980614851390044,74.31640625
2026-06-06T20:48:00.309433Z,0.0,74.31640625
2026-06-06T20:48:00.509764Z,0.0,74.31640625
2026-06-06T20:48:00.710102Z,0.0,74.31640625
2026-06-06T20:48:00.910414Z,0.0,74.31640625
2026-06-06T20:48:01.110739Z,0.0,74.31640625
2026-06-06T20:48:01.311080Z,0.0,74.31640625
2026-06-06T20:48:01.511438Z,129.77693162360677,101.96875
2026-06-06T20:48:01.711737Z,234.61103953085845,74.2265625
2026-06-06T20:48:01.912046Z,24.96271593706111,74.2265625
2026-06-06T20:48:02.112365Z,29.95353622438861,74.2265625
2026-06-06T20:48:02.312703Z,19.966886914731596,74.2265625
2026-06-06T20:48:02.513018Z,24.95928155282563,74.22265625
2026-06-06T20:48:02.713342Z,24.959692218671783,74.22265625
2026-06-06T20:48:02.913671Z,19.96652153439559,74.22265625
2026-06-06T20:48:03.114082Z,29.945695278280315,74.4609375
2026-06-06T20:48:03.314416Z,19.96261710494954,74.22265625
2026-06-06T20:48:03.514745Z,19.967574057437194,74.3359375
2026-06-06T20:48:03.715128Z,24.951759266628862,74.22265625
2026-06-06T20:48:03.915452Z,24.959984278007518,74.22265625
2026-06-06T20:48:04.115788Z,24.959272706752213,74.22265625
2026-06-06T20:48:04.316139Z,24.955469958614458,74.22265625
2026-06-06T20:48:04.516569Z,14.970509144878086,74.22265625
2026-06-06T20:48:04.716953Z,0.0,74.22265625
2026-06-06T20:48:04.917261Z,0.0,74.22265625
2026-06-06T20:48:05.117598Z,0.0,74.22265625
2026-06-06T20:48:05.317915Z,0.0,74.22265625
2026-06-06T20:48:05.518253Z,0.0,74.22265625
2026-06-06T20:48:05.718585Z,0.0,74.22265625
2026-06-06T20:48:05.918965Z,4.991603922535344,74.22265625
2026-06-06T20:48:06.119294Z,314.4093003818996,74.30859375
2026-06-06T20:48:06.319616Z,14.97561909311187,74.30859375
2026-06-06T20:48:06.519942Z,29.952950354964834,74.30859375
2026-06-06T20:48:06.720299Z,19.965600966559307,74.30859375
2026-06-06T20:48:06.920628Z,29.94800292971235,74.30859375
2026-06-06T20:48:07.120957Z,24.959714770725373,74.30859375
2026-06-06T20:48:07.321261Z,24.959996738011593,74.30859375
2026-06-06T20:48:07.521547Z,24.963928496338784,74.30859375
2026-06-06T20:48:07.721977Z,24.954950823712462,74.30859375
2026-06-06T20:48:07.922315Z,24.951426060768206,74.30859375
2026-06-06T20:48:08.122628Z,24.959668545240994,74.30859375
2026-06-06T20:48:08.322955Z,19.968946191948746,74.30859375
2026-06-06T20:48:08.523247Z,29.952409664576514,74.30859375
2026-06-06T20:48:08.723651Z,19.96606716969698,74.30859375
2026-06-06T20:48:08.924037Z,29.936624017260353,74.30859375
2026-06-06T20:48:09.124418Z,0.0,74.30859375
2026-06-06T20:48:09.324758Z,0.0,74.30859375
2026-06-06T20:48:09.525135Z,0.0,74.30859375
2026-06-06T20:48:09.725484Z,0.0,74.30859375
2026-06-06T20:48:09.925819Z,0.0,74.30859375
2026-06-06T20:48:10.126142Z,0.0,74.30859375
2026-06-06T20:48:10.326456Z,0.0,74.30859375
2026-06-06T20:48:10.526790Z,274.5696450300584,97.7734375
2026-06-06T20:48:10.727122Z,54.90703360691246,74.3125
2026-06-06T20:48:10.927417Z,19.96887630967986,74.3125
2026-06-06T20:48:11.127704Z,24.963876023245366,74.23046875
2026-06-06T20:48:11.328005Z,29.95539985451271,74.23046875
2026-06-06T20:48:11.528317Z,24.962411351368026,74.23046875
2026-06-06T20:48:11.728609Z,24.961915729956313,74.31640625
2026-06-06T20:48:11.928927Z,19.97014872153528,75.00390625
2026-06-06T20:48:12.129255Z,29.95178795476533,74.23046875
2026-06-06T20:48:12.329555Z,19.967680910733186,74.23046875
2026-06-06T20:48:12.529880Z,14.977160578944856,74.23046875
2026-06-06T20:48:12.730238Z,29.949646109325666,74.31640625
2026-06-06T20:48:12.930534Z,19.966663259687767,74.31640625
2026-06-06T20:48:13.130865Z,24.961853171132052,74.31640625
2026-06-06T20:48:13.331140Z,24.963975984103755,74.23046875
2026-06-06T20:48:13.531547Z,4.990251543613456,74.23046875
2026-06-06T20:48:13.731876Z,0.0,74.23046875
2026-06-06T20:48:13.932240Z,0.0,74.23046875
2026-06-06T20:48:14.132566Z,0.0,74.23046875
2026-06-06T20:48:14.332927Z,0.0,74.23046875
2026-06-06T20:48:14.533331Z,0.0,74.23046875
2026-06-06T20:48:14.733669Z,0.0,74.23046875
2026-06-06T20:48:14.934093Z,69.86104568145053,93.08984375
2026-06-06T20:48:15.134456Z,299.45431787260407,74.140625
2026-06-06T20:48:15.334750Z,24.95836782016812,74.140625
2026-06-06T20:48:15.535128Z,24.954059825348104,74.140625
2026-06-06T20:48:15.735496Z,29.948660508829377,74.140625
2026-06-06T20:48:15.935860Z,19.962582135973584,74.140625
2026-06-06T20:48:16.136125Z,24.964577760720925,74.140625
2026-06-06T20:48:16.336450Z,24.960303881481188,74.2265625
2026-06-06T20:48:16.536779Z,24.959043208495526,74.2265625
2026-06-06T20:48:16.737085Z,19.968481748395288,74.140625
2026-06-06T20:48:16.937395Z,19.969225925117037,74.140625
2026-06-06T20:48:17.137716Z,29.95224474003393,74.140625
2026-06-06T20:48:17.338048Z,24.958729866619866,74.140625
2026-06-06T20:48:17.538367Z,19.968111225855548,74.140625
2026-06-06T20:48:17.738753Z,24.95597030644371,74.140625
2026-06-06T20:48:17.939160Z,9.978507094011858,74.140625
2026-06-06T20:48:18.139490Z,0.0,74.140625
2026-06-06T20:48:18.339814Z,4.99190201176518,74.140625
2026-06-06T20:48:18.540118Z,0.0,74.140625
2026-06-06T20:48:18.740429Z,0.0,74.140625
2026-06-06T20:48:18.940772Z,0.0,74.140625
2026-06-06T20:48:19.141149Z,0.0,74.140625
2026-06-06T20:48:19.341539Z,84.82911471720887,85.3828125
2026-06-06T20:48:19.541865Z,224.62541241632636,74.234375
2026-06-06T20:48:19.742112Z,29.961085792770987,74.234375
2026-06-06T20:48:19.942400Z,24.96454273509631,74.234375
2026-06-06T20:48:20.142683Z,24.964039550683417,74.31640625
2026-06-06T20:48:20.343018Z,19.96867254741119,74.31640625
2026-06-06T20:48:20.543339Z,29.950655546236217,74.234375
2026-06-06T20:48:20.743665Z,19.967544055005238,74.234375
2026-06-06T20:48:20.944033Z,24.956480764062903,74.234375
2026-06-06T20:48:21.144363Z,19.9659473779402,74.98046875
2026-06-06T20:48:21.344700Z,24.958596184796253,74.234375
2026-06-06T20:48:21.545086Z,24.952426825929503,74.234375
2026-06-06T20:48:21.745509Z,19.96180159549595,74.234375
2026-06-06T20:48:21.945836Z,24.95256890935819,74.234375
2026-06-06T20:48:22.146148Z,24.961763321384417,74.48828125
2026-06-06T20:48:22.346534Z,4.990663491678041,74.234375
2026-06-06T20:48:22.546876Z,0.0,74.234375
2026-06-06T20:48:22.747230Z,0.0,74.234375
2026-06-06T20:48:22.947589Z,0.0,74.234375
2026-06-06T20:48:23.147934Z,0.0,74.234375
2026-06-06T20:48:23.348268Z,0.0,74.234375
2026-06-06T20:48:23.548595Z,0.0,74.234375
2026-06-06T20:48:23.748908Z,194.6928243696671,102.7578125
2026-06-06T20:48:23.949237Z,124.79248818692037,74.46484375
2026-06-06T20:48:24.149535Z,24.962221549879636,74.46484375
2026-06-06T20:48:24.349846Z,29.954865057719317,74.46484375
2026-06-06T20:48:24.550159Z,19.968674541220388,74.46484375
2026-06-06T20:48:24.750479Z,24.96012408016822,74.46484375
2026-06-06T20:48:24.950792Z,19.968850390574236,74.46484375
2026-06-06T20:48:25.151187Z,24.95470994644565,74.46484375
2026-06-06T20:48:25.351531Z,29.945018550354412,74.46484375
2026-06-06T20:48:25.551817Z,14.976966623539218,74.46484375
2026-06-06T20:48:25.752133Z,29.95578062459488,74.46484375
2026-06-06T20:48:25.952428Z,14.976708896296728,74.46484375
2026-06-06T20:48:26.152751Z,29.953007325828114,74.46484375
2026-06-06T20:48:26.353077Z,19.967157619832776,74.46484375
2026-06-06T20:48:26.553375Z,24.961509850944648,74.46484375
2026-06-06T20:48:26.753720Z,24.957889800433428,74.46484375
2026-06-06T20:48:26.954056Z,0.0,74.46484375
2026-06-06T20:48:27.154449Z,0.0,74.46484375
2026-06-06T20:48:27.354844Z,0.0,74.46484375
2026-06-06T20:48:27.555177Z,0.0,74.46484375
2026-06-06T20:48:27.755550Z,0.0,74.46484375
2026-06-06T20:48:27.955908Z,0.0,74.46484375
2026-06-06T20:48:28.156257Z,0.0,74.46484375
2026-06-06T20:48:28.356553Z,264.58534845683533,103.01171875
2026-06-06T20:48:28.556857Z,94.86352601139684,74.3515625
2026-06-06T20:48:28.757114Z,24.96611636135574,74.3515625
2026-06-06T20:48:28.957447Z,19.967517142614106,74.3515625
2026-06-06T20:48:29.157830Z,19.964593492201512,74.43359375
2026-06-06T20:48:29.358164Z,29.948163322993544,74.43359375
2026-06-06T20:48:29.558496Z,24.95804079139059,74.3515625
2026-06-06T20:48:29.758791Z,24.96035758569765,74.3515625
2026-06-06T20:48:29.959109Z,19.968777418724855,74.3515625
2026-06-06T20:48:30.159435Z,24.961292648288456,74.3515625
2026-06-06T20:48:30.359739Z,24.96010414391892,74.3515625
2026-06-06T20:48:30.560114Z,19.964346970406122,74.3515625
2026-06-06T20:48:30.760445Z,24.958108189787495,74.3515625
2026-06-06T20:48:30.960755Z,24.959467571909812,74.5625
2026-06-06T20:48:31.161073Z,24.960779501559326,74.3515625
2026-06-06T20:48:31.361408Z,24.95791347049017,74.3515625
2026-06-06T20:48:31.561710Z,0.0,74.3515625
2026-06-06T20:48:31.762031Z,0.0,74.3515625
2026-06-06T20:48:31.962335Z,0.0,74.3515625
2026-06-06T20:48:32.162640Z,0.0,74.3515625
2026-06-06T20:48:32.362980Z,0.0,74.3515625
2026-06-06T20:48:32.563287Z,0.0,74.3515625
2026-06-06T20:48:32.763608Z,0.0,74.3515625
2026-06-06T20:48:32.963958Z,309.4855097407777,87.84375
2026-06-06T20:48:33.164284Z,24.95753911479109,74.64453125
2026-06-06T20:48:33.364657Z,19.964740272147534,74.6015625
2026-06-06T20:48:33.564995Z,24.95613883735832,74.6015625
2026-06-06T20:48:33.765294Z,29.952490557563948,74.6015625
2026-06-06T20:48:33.965608Z,24.96197180880727,74.6015625
2026-06-06T20:48:34.165964Z,24.95920530217902,74.6015625
2026-06-06T20:48:34.366306Z,19.96481221811078,74.6015625
2026-06-06T20:48:34.566666Z,24.955360101418925,74.6015625
2026-06-06T20:48:34.767042Z,19.96087249810022,74.6015625
2026-06-06T20:48:34.967371Z,24.95912419269398,74.6015625
2026-06-06T20:48:35.167657Z,24.96154362180187,74.6015625
2026-06-06T20:48:35.367977Z,19.971834022092086,74.6875
2026-06-06T20:48:35.568329Z,24.95538762787529,74.6015625
2026-06-06T20:48:35.768673Z,19.966286824902088,74.6015625
2026-06-06T20:48:35.969098Z,9.978913109653966,74.6015625
2026-06-06T20:48:36.169435Z,0.0,74.6015625
2026-06-06T20:48:36.369762Z,0.0,74.6015625
2026-06-06T20:48:36.570096Z,0.0,74.6015625
2026-06-06T20:48:36.770424Z,0.0,74.6015625
2026-06-06T20:48:36.970764Z,0.0,74.6015625
2026-06-06T20:48:37.171124Z,0.0,74.6015625
2026-06-06T20:48:37.371454Z,99.82979170247465,82.1875
2026-06-06T20:48:37.571774Z,234.62422818215734,74.75390625
2026-06-06T20:48:37.772102Z,24.959023149326914,74.58984375
2026-06-06T20:48:37.972419Z,24.960444933369867,74.58984375
2026-06-06T20:48:38.172782Z,24.95814568885514,74.58984375
2026-06-06T20:48:38.373132Z,24.954759890078563,74.58984375
2026-06-06T20:48:38.573485Z,29.947308160566404,74.58984375
2026-06-06T20:48:38.773843Z,19.964730307395904,75.1640625
2026-06-06T20:48:38.974198Z,24.95594913113032,74.58984375
2026-06-06T20:48:39.174545Z,19.964608538863796,74.58984375
2026-06-06T20:48:39.374910Z,24.95587925323626,74.58984375
2026-06-06T20:48:39.575265Z,29.94560993834179,74.58984375
2026-06-06T20:48:39.775627Z,19.963890811590883,74.58984375
2026-06-06T20:48:39.976009Z,24.955189090002097,74.67578125
2026-06-06T20:48:40.176323Z,24.95531015527022,74.671875
2026-06-06T20:48:40.376720Z,9.982175478103446,74.671875
2026-06-06T20:48:40.577064Z,0.0,74.671875
2026-06-06T20:48:40.777440Z,0.0,74.671875
2026-06-06T20:48:40.977768Z,0.0,74.671875
2026-06-06T20:48:41.178119Z,0.0,74.671875
2026-06-06T20:48:41.378445Z,0.0,74.671875
2026-06-06T20:48:41.578767Z,0.0,74.671875
2026-06-06T20:48:41.779093Z,154.74811803539112,103.9375
2026-06-06T20:48:41.979417Z,174.72632179423434,74.5859375
2026-06-06T20:48:42.179736Z,24.958838382854374,74.5859375
2026-06-06T20:48:42.380060Z,24.95978342424531,75.3515625
2026-06-06T20:48:42.580355Z,19.969190833428538,74.58984375
2026-06-06T20:48:42.780660Z,24.96262483473685,74.5859375
2026-06-06T20:48:42.980990Z,19.967602963576965,74.58984375
2026-06-06T20:48:43.181321Z,29.951337163915092,74.5859375
2026-06-06T20:48:43.381655Z,19.96601723971061,74.5859375
2026-06-06T20:48:43.581973Z,24.961754598111586,74.5859375
2026-06-06T20:48:43.782336Z,24.956546908275804,74.5859375
2026-06-06T20:48:43.982641Z,19.965706702564802,74.58984375
2026-06-06T20:48:44.183021Z,24.95552862409202,74.5859375
2026-06-06T20:48:44.383349Z,19.96731131491782,74.58984375
2026-06-06T20:48:44.583669Z,24.959401412101,74.58984375
2026-06-06T20:48:44.784109Z,24.948300385602845,74.5859375
2026-06-06T20:48:44.984418Z,0.0,74.5859375
2026-06-06T20:48:45.184754Z,0.0,74.5859375
2026-06-06T20:48:45.385078Z,0.0,74.5859375
2026-06-06T20:48:45.585429Z,0.0,74.5859375
2026-06-06T20:48:45.785775Z,0.0,74.5859375
2026-06-06T20:48:45.986119Z,4.991108963256641,74.5859375
2026-06-06T20:48:46.186447Z,0.0,74.5859375
2026-06-06T20:48:46.386736Z,284.5725847841701,101.734375
2026-06-06T20:48:46.587095Z,74.87614848571612,74.58984375
2026-06-06T20:48:46.787456Z,19.965251478129584,74.58984375
2026-06-06T20:48:46.987821Z,29.943871709583682,74.58984375
2026-06-06T20:48:47.188113Z,19.967972470465114,74.58984375
2026-06-06T20:48:47.388440Z,24.96132255540895,74.58984375
2026-06-06T20:48:47.588764Z,19.967399227293765,74.58984375
2026-06-06T20:48:47.789103Z,24.957949723187294,74.58984375
2026-06-06T20:48:47.989420Z,24.959289028450957,74.58984375
2026-06-06T20:48:48.189707Z,24.962681041569763,74.58984375
2026-06-06T20:48:48.390047Z,19.967847572145622,74.58984375
2026-06-06T20:48:48.590351Z,24.959802113898633,74.58984375
2026-06-06T20:48:48.790641Z,19.970916952754344,74.58984375
2026-06-06T20:48:48.990984Z,24.961371279500305,74.58984375
2026-06-06T20:48:49.191301Z,29.949668533773828,74.58984375
2026-06-06T20:48:49.391651Z,9.982823902590626,74.58984375
2026-06-06T20:48:49.592002Z,0.0,74.58984375
2026-06-06T20:48:49.792340Z,0.0,74.58984375
2026-06-06T20:48:49.992700Z,0.0,74.58984375
2026-06-06T20:48:50.193066Z,0.0,74.58984375
2026-06-06T20:48:50.393379Z,0.0,74.58984375
2026-06-06T20:48:50.593719Z,0.0,74.58984375
2026-06-06T20:48:50.794115Z,139.72990767727816,95.65625
2026-06-06T20:48:50.994422Z,189.68042736419244,74.5859375
2026-06-06T20:48:51.194781Z,19.966836980645205,74.5859375
2026-06-06T20:48:51.395129Z,29.94680055694417,74.5859375
2026-06-06T20:48:51.595474Z,24.958215579442093,74.5859375
2026-06-06T20:48:51.795800Z,19.96623988366556,74.5859375
2026-06-06T20:48:51.996157Z,24.956164995308043,74.5859375
2026-06-06T20:48:52.196456Z,19.967919540415245,74.5859375
2026-06-06T20:48:52.396752Z,24.963103035984542,74.5859375
2026-06-06T20:48:52.597076Z,24.96105787916795,74.5859375
2026-06-06T20:48:52.797321Z,19.974093201589497,74.5859375
2026-06-06T20:48:52.997623Z,24.962338944832904,74.54296875
2026-06-06T20:48:53.197965Z,19.968878303529745,74.54296875
2026-06-06T20:48:53.398297Z,29.94774836652403,74.54296875
2026-06-06T20:48:53.598592Z,24.961571037343102,75.03125
2026-06-06T20:48:53.798920Z,24.96202053531998,74.54296875
2026-06-06T20:48:53.999317Z,0.0,74.54296875
2026-06-06T20:48:54.199666Z,0.0,74.54296875
2026-06-06T20:48:54.400102Z,4.9899150075221215,74.54296875
2026-06-06T20:48:54.600515Z,0.0,74.54296875
2026-06-06T20:48:54.800834Z,0.0,74.54296875
2026-06-06T20:48:55.001160Z,0.0,74.54296875
2026-06-06T20:48:55.201469Z,0.0,74.54296875
2026-06-06T20:48:55.401813Z,69.88980160492974,87.18359375
2026-06-06T20:48:55.602177Z,244.54561712545942,74.62890625
2026-06-06T20:48:55.802480Z,24.959316438926603,74.62890625
2026-06-06T20:48:56.002799Z,24.961436328175783,74.62890625
2026-06-06T20:48:56.203094Z,24.96136131037548,74.62890625
2026-06-06T20:48:56.403407Z,24.962542332327235,74.62890625
2026-06-06T20:48:56.603755Z,24.959679758858414,74.62890625
2026-06-06T20:48:56.804082Z,19.964621492857646,74.62890625
2026-06-06T20:48:57.004449Z,24.958493899864536,74.62890625
2026-06-06T20:48:57.204769Z,24.955607218993205,74.7109375
2026-06-06T20:48:57.405100Z,24.959139143760588,74.62890625
2026-06-06T20:48:57.605423Z,24.95941262547839,74.62890625
2026-06-06T20:48:57.805758Z,29.950318561365492,74.62890625
2026-06-06T20:48:58.008845Z,14.973673511867606,74.7109375
2026-06-06T20:48:58.209125Z,24.627589957975058,74.7109375
2026-06-06T20:48:58.409447Z,29.95395717333031,74.62890625
2026-06-06T20:48:58.609803Z,0.0,74.62890625
2026-06-06T20:48:58.810146Z,0.0,74.62890625
2026-06-06T20:48:59.010484Z,0.0,74.62890625
2026-06-06T20:48:59.210827Z,0.0,74.62890625
2026-06-06T20:48:59.411125Z,0.0,74.62890625
2026-06-06T20:48:59.611472Z,0.0,74.62890625
2026-06-06T20:48:59.811798Z,0.0,74.62890625
2026-06-06T20:49:00.012142Z,169.7178855963603,102.50390625
2026-06-06T20:49:00.212462Z,214.6509485791141,74.546875
2026-06-06T20:49:00.412833Z,19.966129059370008,74.546875
2026-06-06T20:49:00.613113Z,24.95941387152315,74.50390625
2026-06-06T20:49:00.813460Z,24.96051869950698,74.50390625
2026-06-06T20:49:01.013831Z,24.954591377787665,74.5859375
2026-06-06T20:49:01.214172Z,19.96388981520913,74.5859375
2026-06-06T20:49:01.414527Z,24.95562826900108,74.50390625
2026-06-06T20:49:01.614851Z,24.959074356236837,74.50390625
2026-06-06T20:49:01.815150Z,19.97035759881511,74.50390625
2026-06-06T20:49:02.015445Z,24.9618569097711,74.50390625
2026-06-06T20:49:02.215784Z,24.96043870297254,74.8984375
2026-06-06T20:49:02.416104Z,24.95769633041703,74.58984375
2026-06-06T20:49:02.616464Z,24.958808481686347,74.50390625
2026-06-06T20:49:02.816766Z,29.950081898892893,74.50390625
2026-06-06T20:49:03.017165Z,19.96556489115151,74.828125
2026-06-06T20:49:03.217555Z,9.979194925361377,74.50390625
2026-06-06T20:49:03.417861Z,0.0,74.50390625
2026-06-06T20:49:03.618141Z,0.0,74.50390625
2026-06-06T20:49:03.818484Z,0.0,74.50390625
2026-06-06T20:49:04.018823Z,0.0,74.50390625
2026-06-06T20:49:04.219133Z,0.0,74.50390625
2026-06-06T20:49:04.419471Z,0.0,74.50390625
2026-06-06T20:49:04.619814Z,129.78587536922234,103.92578125
2026-06-06T20:49:04.820126Z,234.60379992977613,74.5
2026-06-06T20:49:05.020469Z,19.969432589835925,74.5
2026-06-06T20:49:05.220766Z,34.94065609087728,74.5
2026-06-06T20:49:05.421060Z,14.978379532921796,74.5
2026-06-06T20:49:05.621377Z,24.961273956402874,74.5
2026-06-06T20:49:05.821739Z,19.963875766010432,74.5
2026-06-06T20:49:06.022093Z,24.95808190312757,75.00390625
2026-06-06T20:49:06.222412Z,24.957504233658334,74.5
2026-06-06T20:49:06.422691Z,19.971180687526697,74.5
2026-06-06T20:49:06.623029Z,19.968905219590173,74.5
2026-06-06T20:49:06.823333Z,24.95998564853823,74.5
2026-06-06T20:49:07.023647Z,19.968954167134495,74.5
2026-06-06T20:49:07.223960Z,29.955360970440527,74.5
2026-06-06T20:49:07.424275Z,19.966994856988872,74.5
2026-06-06T20:49:07.624658Z,24.955911638776225,74.5
2026-06-06T20:49:07.825017Z,0.0,74.5
2026-06-06T20:49:08.025387Z,0.0,74.5
2026-06-06T20:49:08.225718Z,0.0,74.5
2026-06-06T20:49:08.426111Z,0.0,74.5
2026-06-06T20:49:08.626472Z,0.0,74.5
2026-06-06T20:49:08.826780Z,0.0,74.5
2026-06-06T20:49:09.027116Z,0.0,74.5
2026-06-06T20:49:09.227462Z,244.58924049857055,95.35546875
2026-06-06T20:49:09.427842Z,39.922784942429445,74.609375
2026-06-06T20:49:09.628151Z,29.9534626529561,74.609375
2026-06-06T20:49:09.828483Z,19.966412700240276,74.609375
2026-06-06T20:49:10.028818Z,24.960074239604676,74.609375
2026-06-06T20:49:10.229163Z,24.957250725305656,74.609375
2026-06-06T20:49:10.429550Z,19.962993301697825,74.609375
2026-06-06T20:49:10.629859Z,29.948334032601228,74.609375
2026-06-06T20:49:10.830117Z,24.96727925694317,74.609375
2026-06-06T20:49:11.030431Z,19.96930179145378,74.609375
2026-06-06T20:49:11.230782Z,24.959078093930223,74.609375
2026-06-06T20:49:11.431096Z,24.95721696606328,74.609375
2026-06-06T20:49:11.631428Z,24.95917427864498,74.609375
2026-06-06T20:49:11.831716Z,19.970139748389627,74.609375
2026-06-06T20:49:12.032087Z,19.964426885014078,74.609375
2026-06-06T20:49:12.232401Z,0.0,74.609375
2026-06-06T20:49:12.432736Z,0.0,74.609375
2026-06-06T20:49:12.633045Z,0.0,74.609375
2026-06-06T20:49:12.833344Z,0.0,74.609375
2026-06-06T20:49:13.033669Z,0.0,74.609375
2026-06-06T20:49:13.234062Z,0.0,74.609375
2026-06-06T20:49:13.434400Z,0.0,74.609375
2026-06-06T20:49:13.634720Z,329.4677876196613,97.75
2026-06-06T20:49:13.835061Z,44.92332329948409,75.0390625
2026-06-06T20:49:14.035374Z,19.96800536483718,75.0390625
2026-06-06T20:49:14.235705Z,24.959718508723892,75.0390625
2026-06-06T20:49:14.436031Z,24.958849595952497,75.0390625
2026-06-06T20:49:14.636346Z,24.9604973919269,75.0390625
2026-06-06T20:49:14.836758Z,24.954863389997517,75.0390625
2026-06-06T20:49:15.037056Z,19.964117393740764,75.0390625
2026-06-06T20:49:15.237394Z,19.968691587756744,75.0390625
2026-06-06T20:49:15.437722Z,24.957768709908287,75.0390625
2026-06-06T20:49:15.638073Z,24.95504187003187,75.0390625
2026-06-06T20:49:15.838390Z,19.968760471774083,75.0390625
2026-06-06T20:49:16.038709Z,14.97558687314429,75.0390625
2026-06-06T20:49:16.239026Z,29.95363955385627,75.0390625
2026-06-06T20:49:16.439312Z,19.97005290871282,75.0390625
2026-06-06T20:49:16.639687Z,19.965248488486516,75.0390625
